[{"_id":"ufRDtY3CHhbyqAM9Q","coords":{"ippCoordinates":{"lat":38.95940093438834,"lng":-77.11638450622559}},"recordInfo":{"name":"3","incidentnum":"3","missionnum":"3","incidentType":"Search","incidentEnvironment":"Land","subjectCategory":"Ages 10-12 (Pre-Teenager)","status":"Open"},"measureUnits":"US","userId":"3S3gYEbGigJbFdPY2","created":"07/14/2015 22:34","timeLog":{},"incidentOperations":{},"incidentLocation":{"country":"United States","state-province":"Maryland","ecoregionDomain":"TEMPERATE","ecoregionDivision":"230-SUBTROPICAL DIVISION"},"weather":{},"findLocation":{"foundSecondary":" "},"incidentOutcome":{},"subjects":{"subject":[]},"resourcesUsed":{"resource":[]},"customQuestions":{},"admin":{"userId":"3S3gYEbGigJbFdPY2","user":"Kyle Kalwarski","email":"kkalwarski@gmail.com"}}]