{"_id":"xLdS3CwZFxRiH4X5L","coords":{"ippCoordinates":{"lat":37.733525549595306,"lng":-119.56189155578612},"destinationCoord":{"lat":37.7447249909985,"lng":-119.53408241271973},"findCoord":{"lat":37.745335820889935,"lng":-119.50747489929199},"intendedRoute":"[[37.733525549595306,-119.56189155578612],[37.73142122305542,-119.55931663513185],[37.72789125069628,-119.55888748168945],[37.72537943713555,-119.5543384552002],[37.727076617794516,-119.54541206359862],[37.72714450421191,-119.54163551330566],[37.72429322110335,-119.53408241271973],[37.72755182140955,-119.52549934387207],[37.73101392714009,-119.52034950256346],[37.73454375064484,-119.5147705078125],[37.74065266289159,-119.51502799987792],[37.7434354446725,-119.5158004760742],[37.74499647157263,-119.51760292053223],[37.7477112225442,-119.52120780944826],[37.74954362315467,-119.5228385925293],[37.74934002532747,-119.52652931213379],[37.74635385950612,-119.52927589416504],[37.745267951150964,-119.53064918518066],[37.7447249909985,-119.53408241271973]]","actualRoute":"[[37.733525549595306,-119.56189155578612],[37.7318963987918,-119.5597457885742],[37.72789125069628,-119.55897331237793],[37.7251757728429,-119.5543384552002],[37.72660141113032,-119.5462703704834],[37.727619707391334,-119.54215049743651],[37.724225332072436,-119.5338249206543],[37.72829856378686,-119.52481269836426],[37.73182851673044,-119.5206069946289],[37.734747389174515,-119.51468467712402],[37.73753039294595,-119.51442718505858],[37.74207800321482,-119.51502799987792],[37.7454036905667,-119.5173454284668],[37.748254160788655,-119.5192337036133],[37.75025621113851,-119.51858997344972],[37.75225820732333,-119.51361179351807],[37.752461797121406,-119.51155185699463],[37.751070589003284,-119.51000690460206],[37.74679500522424,-119.51009273529053],[37.745810907320184,-119.50880527496338],[37.745335820889935,-119.50747489929199]]","decisionPointCoord":{"lat":37.744453509428574,"lng":-119.51794624328613},"revisedLKP_PLS":{"lat":37.72225652310711,"lng":-119.53451156616211}},"recordInfo":{"name":"Lost Hiker","incidentnum":"a1","missionnum":"2015-1a","incidentType":"Search","incidentEnvironment":"Land","subjectCategory":"Hiker","status":"Closed"},"measureUnits":"US","userId":"3S3gYEbGigJbFdPY2","created":"07/14/2015 19:32","timeLog":{"lastSeenDateTime":"07/02/2015 19:38","SARNotifiedDatetime":"07/02/2015 23:38","subjectLocatedDateTime":"07/05/2015 19:38","totalMissingHours":72,"totalSearchHours":68,"incidentClosedDateTime":"07/07/2015 06:38"},"incidentOperations":{"initialDirectionofTravel_Boolean":"Yes","lkp_pls_Boolean":"Yes","ipptype":"Point Last Seen","ippclassification":"Trailhead","initialDirectionofTravel":227,"DOTHowdetermined":"Intended Destination"},"incidentLocation":{"country":"United States","state-province":"California","ecoregionDomain":"TEMPERATE","ecoregionDivision":"M260-MEDITERRANEAN REGIME MOUNTAINS","county-region":"Mariposa","landOwner":"NPS","populationDensity":"Wilderness","terrain":"Mountain","landCover":"Heavy","contactmethod":"Reported Missing","leadagency":"NPS"},"weather":{"summary":"Light rain throughout the day.","precipType":"rain","temperatureMin":63.49,"temperatureMax":74.82,"windSpeed":"1.26","cloudCover":"0.63"},"findLocation":{"distanceIPP":"3.08","findBearing":"74","dispersionAngle":"-153","elevationChange":"3120","trackOffset":"4000","detectability":"Poor"},"incidentOutcome":{"incidentOutcome":"Closed by Search","scenario":"Lost","signalling":"None","injuredSearcher":"Yes","injuredSearcherDetails":"Broken arm","mobility&Responsiveness":"Mobile and responsive","lostStrategy":"View enhancing","mobility_hours":14},"subjects":{"subject":[{"_key":"2015-07-14T23:38:54.346Z","age":32,"sex":"Male","weight":"170","height":"60","physical_fitness":"Good","experience":"Fair","equipment":"Fair","clothing":"Fair","survival_training":"Good","local":"No","status":"Alive and well","evacuationMethod":"Helicopter","name":"U2FsdGVkX1+41/k4R9X7d8KT4Vc0Aompc35b96Xr7fU=","address":"U2FsdGVkX19OYKBkAQOW3iLKPeDBLmGHEjpEZIo06YM=","homePhone":"U2FsdGVkX19W2huI7fMf4453nHCyUlmqgxpDWmAE99Q=","cellPhone":"U2FsdGVkX1/ITtOjpvqP19KH7+PVzHsqpCevgSWhHXQ=","other":"U2FsdGVkX19Sh2aRjfLynYdd3rRSRc7rLMMJiGfDh1M="},{"_key":"2015-07-14T23:39:34.033Z","status":"Injured","evacuationMethod":"Helicopter","mechanism":"Environment","injuryType":"Puncture","illness":"Dehydration","treatmentby":"EMT","age":31,"sex":"Female","weight":"140","height":"54","physical_fitness":"Excellent","experience":"Fair","equipment":"Fair","clothing":"Fair","survival_training":"Fair","local":"No","name":"U2FsdGVkX19AsAxAEq2PHNqx522jHf0CtyJNwhwu5B0=","address":"U2FsdGVkX19mInllM7/rJ7QtRT5ijLZZIjNHgDHDHvc=","homePhone":"U2FsdGVkX1+SK6d5nrZFR44DalACp8XB5wIAG6Kf3qc=","cellPhone":"U2FsdGVkX18eariYOTZdbOSt5r72obvavsRsmasEwXo=","other":"U2FsdGVkX19hknlt6HlSaDKwgZv58qaath/rf1+E158="}]},"resourcesUsed":{"resource":[{"type":"ATV","_key":"2015-07-14T23:42:31.849Z","count":1,"hours":5},{"type":"Dog-Airscent","_key":"2015-07-14T23:42:38.578Z","count":2,"hours":7},{"type":"Parks","_key":"2015-07-14T23:43:03.021Z"},{"type":"Grid","_key":"2015-07-14T23:43:04.862Z","count":1},{"type":"Hasty","_key":"2015-07-14T23:43:05.870Z","count":1},{"type":"Helicopter","_key":"2015-07-14T23:43:06.891Z","count":2,"hours":3,"findResource":true}],"numTasks":12,"totalPersonnel":23,"totalManHours":125,"distanceTraveled":"34","totalCost":"$23,000"},"customQuestions":{},"admin":{"userId":"3S3gYEbGigJbFdPY2","user":"Kyle Kalwarski","email":"kkalwarski@gmail.com"},"xComments":{"summary":"Long and tiring search!"}}